[
{
    "fields": {
        "model": "logentry",
        "name": "log entry",
        "app_label": "admin"
    },
    "model": "contenttypes.contenttype",
    "pk": 1
},
{
    "fields": {
        "model": "permission",
        "name": "permission",
        "app_label": "auth"
    },
    "model": "contenttypes.contenttype",
    "pk": 2
},
{
    "fields": {
        "model": "group",
        "name": "group",
        "app_label": "auth"
    },
    "model": "contenttypes.contenttype",
    "pk": 3
},
{
    "fields": {
        "model": "user",
        "name": "user",
        "app_label": "auth"
    },
    "model": "contenttypes.contenttype",
    "pk": 4
},
{
    "fields": {
        "model": "contenttype",
        "name": "content type",
        "app_label": "contenttypes"
    },
    "model": "contenttypes.contenttype",
    "pk": 5
},
{
    "fields": {
        "model": "session",
        "name": "session",
        "app_label": "sessions"
    },
    "model": "contenttypes.contenttype",
    "pk": 6
},
{
    "fields": {
        "model": "student",
        "name": "\u0421\u0442\u0443\u0434\u0435\u043d\u0442",
        "app_label": "students"
    },
    "model": "contenttypes.contenttype",
    "pk": 7
},
{
    "fields": {
        "model": "group",
        "name": "\u0413\u0440\u0443\u043f\u0430",
        "app_label": "students"
    },
    "model": "contenttypes.contenttype",
    "pk": 8
},
{
    "fields": {
        "model": "exam",
        "name": "\u0406\u0441\u043f\u0438\u0442",
        "app_label": "students"
    },
    "model": "contenttypes.contenttype",
    "pk": 9
},
{
    "fields": {
        "model": "examresults",
        "name": "\u0420\u0435\u0437\u0443\u043b\u044c\u0442\u0430\u0442",
        "app_label": "students"
    },
    "model": "contenttypes.contenttype",
    "pk": 10
},
{
    "fields": {
        "model": "captchastore",
        "name": "captcha store",
        "app_label": "captcha"
    },
    "model": "contenttypes.contenttype",
    "pk": 11
},
{
    "fields": {
        "expire_date": "2015-02-25T20:39:56Z",
        "session_data": "NDI3ZTEwOWRiMDhiOTA4ZjE4NWRlNTQ4MWMzMzQ5MWRhZDkzNWZhMTp7fQ=="
    },
    "model": "sessions.session",
    "pk": "48z7y9sf3y1lbzvk05v9cg661x3om4wn"
},
{
    "fields": {
        "expire_date": "2014-12-30T19:22:20Z",
        "session_data": "NDI3ZTEwOWRiMDhiOTA4ZjE4NWRlNTQ4MWMzMzQ5MWRhZDkzNWZhMTp7fQ=="
    },
    "model": "sessions.session",
    "pk": "jdtu6k6avq31ageufri8q0obx9e1ebp9"
},
{
    "fields": {
        "expire_date": "2015-01-05T20:55:41Z",
        "session_data": "NDI3ZTEwOWRiMDhiOTA4ZjE4NWRlNTQ4MWMzMzQ5MWRhZDkzNWZhMTp7fQ=="
    },
    "model": "sessions.session",
    "pk": "mcdajdi9kf2ipz4hp5z9psz045bdp27s"
},
{
    "fields": {
        "expire_date": "2015-01-29T12:11:42Z",
        "session_data": "NDI3ZTEwOWRiMDhiOTA4ZjE4NWRlNTQ4MWMzMzQ5MWRhZDkzNWZhMTp7fQ=="
    },
    "model": "sessions.session",
    "pk": "n6eobrwkeyf3m5ackh4swoihft26412m"
},
{
    "fields": {
        "expire_date": "2015-01-05T20:55:29Z",
        "session_data": "NDI3ZTEwOWRiMDhiOTA4ZjE4NWRlNTQ4MWMzMzQ5MWRhZDkzNWZhMTp7fQ=="
    },
    "model": "sessions.session",
    "pk": "pkkwc1qd8qn9i5cqbqzyji0gcpg1uuxx"
},
{
    "fields": {
        "expire_date": "2015-02-26T10:54:05Z",
        "session_data": "NDI3ZTEwOWRiMDhiOTA4ZjE4NWRlNTQ4MWMzMzQ5MWRhZDkzNWZhMTp7fQ=="
    },
    "model": "sessions.session",
    "pk": "prskoe3u6a5softnzu1z8xr6rvvzwlso"
},
{
    "fields": {
        "challenge": "AMBT",
        "hashkey": "e732483dcce2a5b9502ca95c41ca6cc2433c0d30",
        "response": "ambt",
        "expiration": "2015-01-25T18:30:50Z"
    },
    "model": "captcha.captchastore",
    "pk": 35
},
{
    "fields": {
        "challenge": "PDXO",
        "hashkey": "5b8835d3b80ecb5eaddb873dff17560ebb986aee",
        "response": "pdxo",
        "expiration": "2015-02-03T20:50:47Z"
    },
    "model": "captcha.captchastore",
    "pk": 36
},
{
    "fields": {
        "challenge": "WOJV",
        "hashkey": "9200804866d3c954d1f299b3c824cfe6f23f6be5",
        "response": "wojv",
        "expiration": "2015-02-06T17:59:23Z"
    },
    "model": "captcha.captchastore",
    "pk": 37
},
{
    "fields": {
        "challenge": "YICK",
        "hashkey": "bacb465c58585839308a7454d8544f228be2ee76",
        "response": "yick",
        "expiration": "2015-02-07T18:20:34Z"
    },
    "model": "captcha.captchastore",
    "pk": 38
},
{
    "fields": {
        "challenge": "VIBE",
        "hashkey": "30bea992db62d013d9520c176fd31a7be9009e60",
        "response": "vibe",
        "expiration": "2015-02-08T16:28:11Z"
    },
    "model": "captcha.captchastore",
    "pk": 39
},
{
    "fields": {
        "challenge": "GYEV",
        "hashkey": "caa6ade145de5511a940ab3287ea06358c01ec2b",
        "response": "gyev",
        "expiration": "2015-02-08T17:48:29Z"
    },
    "model": "captcha.captchastore",
    "pk": 40
},
{
    "fields": {
        "challenge": "JRBU",
        "hashkey": "91c35cae0cdf662230b594ce5113ab93798fdb21",
        "response": "jrbu",
        "expiration": "2015-02-08T18:28:09Z"
    },
    "model": "captcha.captchastore",
    "pk": 41
},
{
    "fields": {
        "challenge": "CSCB",
        "hashkey": "e3e71f7819fc26509b773d1d8594602a36ef2b81",
        "response": "cscb",
        "expiration": "2015-02-09T19:28:47Z"
    },
    "model": "captcha.captchastore",
    "pk": 42
},
{
    "fields": {
        "challenge": "URZX",
        "hashkey": "000756b9fd13b68d550f4a0776333a771fb12cec",
        "response": "urzx",
        "expiration": "2015-02-09T19:28:51Z"
    },
    "model": "captcha.captchastore",
    "pk": 43
},
{
    "fields": {
        "challenge": "ZXNC",
        "hashkey": "44e1cf9b6c1c2334e13eed71400f3b23620d04c8",
        "response": "zxnc",
        "expiration": "2015-02-09T19:28:53Z"
    },
    "model": "captcha.captchastore",
    "pk": 44
},
{
    "fields": {
        "challenge": "LUFG",
        "hashkey": "82438f4170f4024cdf2e7bc269aa9d8f67400db7",
        "response": "lufg",
        "expiration": "2015-02-11T20:45:18Z"
    },
    "model": "captcha.captchastore",
    "pk": 45
},
{
    "fields": {
        "challenge": "PDJD",
        "hashkey": "abd4988b8b5b67fd228ae8df1872089790456c41",
        "response": "pdjd",
        "expiration": "2015-02-13T11:08:13Z"
    },
    "model": "captcha.captchastore",
    "pk": 46
},
{
    "fields": {
        "challenge": "YTZM",
        "hashkey": "8720e89d58d0f762b394ea97dd04569abffe310b",
        "response": "ytzm",
        "expiration": "2015-02-13T11:08:37Z"
    },
    "model": "captcha.captchastore",
    "pk": 47
},
{
    "fields": {
        "first_name": "\u0424\u0456\u043b\u043b\u0456\u043f",
        "last_name": "\u0424\u0440\u0430\u0439",
        "middle_name": "",
        "photo": "./Fry.jpg",
        "notes": "",
        "student_group": 1,
        "birthday": "1990-12-16",
        "ticket": "FTR-100"
    },
    "model": "students.student",
    "pk": 1
},
{
    "fields": {
        "first_name": "\u0410\u043b\u0435\u043a\u0441\u0430\u043d\u0434\u0440",
        "last_name": "\u0422\u044f\u043f\u043a\u0438\u043d",
        "middle_name": "\u0410\u043b\u0435\u043a\u0441\u0430\u043d\u0434\u0440\u043e\u0432\u0438\u0447",
        "photo": "./me.jpg",
        "notes": "",
        "student_group": 6,
        "birthday": "1989-04-28",
        "ticket": "KSS-030"
    },
    "model": "students.student",
    "pk": 2
},
{
    "fields": {
        "first_name": "\u041b\u0438\u043b\u0430",
        "last_name": "\u0422\u0443\u0440\u0430\u043d\u0433\u0430",
        "middle_name": "",
        "photo": "./Leela.jpg",
        "notes": "",
        "student_group": 1,
        "birthday": "2014-12-16",
        "ticket": "FTR-111"
    },
    "model": "students.student",
    "pk": 3
},
{
    "fields": {
        "first_name": "Bender",
        "last_name": "Rodriquez",
        "middle_name": "Bending",
        "photo": "./Bender.jpg",
        "notes": "40% steel",
        "student_group": 1,
        "birthday": "1999-03-11",
        "ticket": "FTR-900"
    },
    "model": "students.student",
    "pk": 4
},
{
    "fields": {
        "first_name": "\u0425\u044c\u044e\u0431\u0435\u0440\u0442",
        "last_name": "\u0424\u0430\u0440\u043d\u0441\u0432\u043e\u0440\u0442",
        "middle_name": "\u0414\u0436\u0435\u0439",
        "photo": "./Hubert.jpg",
        "notes": "",
        "student_group": 1,
        "birthday": "2860-04-16",
        "ticket": "FTR-010"
    },
    "model": "students.student",
    "pk": 5
},
{
    "fields": {
        "first_name": "\u0414\u0436\u043e\u043d",
        "last_name": "\u0417\u043e\u0439\u0434\u0431\u0435\u0440\u0433",
        "middle_name": "",
        "photo": "./Zoidberg.jpg",
        "notes": "Nothing",
        "student_group": 1,
        "birthday": "2959-09-22",
        "ticket": "FTR-011"
    },
    "model": "students.student",
    "pk": 6
},
{
    "fields": {
        "first_name": "Amy",
        "last_name": "Wong",
        "middle_name": "",
        "photo": "./Amy.jpg",
        "notes": "",
        "student_group": 1,
        "birthday": "2980-03-08",
        "ticket": "FTR-015"
    },
    "model": "students.student",
    "pk": 7
},
{
    "fields": {
        "first_name": "\u0413\u0435\u0440\u043c\u0435\u0441",
        "last_name": "\u041a\u043e\u043d\u0440\u0430\u0434",
        "middle_name": "",
        "photo": "",
        "notes": "",
        "student_group": 1,
        "birthday": "2975-10-25",
        "ticket": "FTR-013"
    },
    "model": "students.student",
    "pk": 8
},
{
    "fields": {
        "first_name": "\u0428\u0435\u043b\u0434\u043e\u043d",
        "last_name": "\u041a\u0443\u043f\u0435\u0440",
        "middle_name": "\u041b\u0438",
        "photo": "./12131_znleckk.jpg",
        "notes": "",
        "student_group": 5,
        "birthday": "1982-01-01",
        "ticket": "BBT-080"
    },
    "model": "students.student",
    "pk": 9
},
{
    "fields": {
        "first_name": "\u041b\u0435\u043e\u043d\u0430\u0440\u0434",
        "last_name": "\u0425\u043e\u0444\u0441\u0442\u0435\u0434\u0435\u0440",
        "middle_name": "",
        "photo": "",
        "notes": "",
        "student_group": 5,
        "birthday": "1982-09-18",
        "ticket": "BTT-133"
    },
    "model": "students.student",
    "pk": 10
},
{
    "fields": {
        "first_name": "\u0421\u0435\u0440\u0433\u0435\u0439",
        "last_name": "\u0420\u0443\u0434\u0435\u043d\u043a\u043e",
        "middle_name": "",
        "photo": "",
        "notes": "",
        "student_group": 6,
        "birthday": "1990-03-27",
        "ticket": "KSS-011"
    },
    "model": "students.student",
    "pk": 11
},
{
    "fields": {
        "first_name": "\u0414\u0436\u043e\u043d",
        "last_name": "\u0421\u043c\u0456\u0442",
        "middle_name": "",
        "photo": "",
        "notes": "",
        "student_group": 4,
        "birthday": "1963-07-07",
        "ticket": "SMP-010"
    },
    "model": "students.student",
    "pk": 22
},
{
    "fields": {
        "notes": "Futurama is Matt Groening\u2019s latest creation. Many of you are familiar with Matt\u2019s previous work with the Simpsons and maybe even Life In Hell.",
        "leader": 5,
        "title": "FTR-S01E01"
    },
    "model": "students.group",
    "pk": 1
},
{
    "fields": {
        "notes": "The Simpsons :)",
        "leader": null,
        "title": "SMP-S23E01"
    },
    "model": "students.group",
    "pk": 4
},
{
    "fields": {
        "notes": "",
        "leader": 9,
        "title": "BBT-S08E01"
    },
    "model": "students.group",
    "pk": 5
},
{
    "fields": {
        "notes": "\u041a\u043e\u043c\u043f\u044c\u044e\u0442\u0435\u0440\u043d\u044b\u0435 \u0441\u0438\u0441\u0442\u0435\u043c\u044b \u0438 \u0441\u0435\u0442\u0438",
        "leader": 2,
        "title": "5\u0437\u041a\u0421\u0421"
    },
    "model": "students.group",
    "pk": 6
},
{
    "fields": {
        "auditorium": "a2",
        "date_exam": "2014-12-23T10:15:00Z",
        "exam_name": "\u0422\u0435\u043e\u0440\u0456\u044f \u0439\u043c\u043e\u0432\u0456\u0440\u043d\u043e\u0441\u0442\u0456",
        "teacher": "\u0426\u0438\u0432\u0456\u043b\u044c\u0441\u043a\u0438\u0439 \u0424. \u041c.",
        "exam_group": 6
    },
    "model": "students.exam",
    "pk": 1
},
{
    "fields": {
        "auditorium": "a2",
        "date_exam": "2014-12-24T09:15:00Z",
        "exam_name": "\u0422\u0435\u0445\u043d\u0456\u043a\u0430 \u0431\u0435\u0437\u043f\u0435\u043a\u0438",
        "teacher": "\u0411\u0430\u0440\u0430\u043d\u0435\u043d\u043a\u043e \u0420. \u0412.",
        "exam_group": 6
    },
    "model": "students.exam",
    "pk": 2
},
{
    "fields": {
        "auditorium": "a4",
        "date_exam": "2014-12-29T09:15:00Z",
        "exam_name": "\u0414\u0438\u0441\u043a\u0440\u0435\u0442\u043d\u0430 \u043c\u0430\u0442\u0435\u043c\u0430\u0442\u0438\u043a\u0430",
        "teacher": "\u0425\u0430\u043f\u043e\u0432 \u0410. \u042e.",
        "exam_group": 1
    },
    "model": "students.exam",
    "pk": 20
},
{
    "fields": {
        "grade": "5",
        "exam": 1,
        "student": 2
    },
    "model": "students.examresults",
    "pk": 1
},
{
    "fields": {
        "grade": "4",
        "exam": 2,
        "student": 2
    },
    "model": "students.examresults",
    "pk": 2
},
{
    "fields": {
        "grade": "1",
        "exam": 20,
        "student": 1
    },
    "model": "students.examresults",
    "pk": 15
},
{
    "fields": {
        "grade": "5",
        "exam": 20,
        "student": 3
    },
    "model": "students.examresults",
    "pk": 16
},
{
    "fields": {
        "grade": "0",
        "exam": 20,
        "student": 4
    },
    "model": "students.examresults",
    "pk": 17
},
{
    "fields": {
        "grade": "5",
        "exam": 20,
        "student": 5
    },
    "model": "students.examresults",
    "pk": 18
},
{
    "fields": {
        "grade": "4",
        "exam": 20,
        "student": 6
    },
    "model": "students.examresults",
    "pk": 19
},
{
    "fields": {
        "grade": "5",
        "exam": 20,
        "student": 7
    },
    "model": "students.examresults",
    "pk": 20
},
{
    "fields": {
        "grade": "4",
        "exam": 20,
        "student": 8
    },
    "model": "students.examresults",
    "pk": 21
},
{
    "fields": {
        "codename": "add_logentry",
        "name": "Can add log entry",
        "content_type": 1
    },
    "model": "auth.permission",
    "pk": 1
},
{
    "fields": {
        "codename": "change_logentry",
        "name": "Can change log entry",
        "content_type": 1
    },
    "model": "auth.permission",
    "pk": 2
},
{
    "fields": {
        "codename": "delete_logentry",
        "name": "Can delete log entry",
        "content_type": 1
    },
    "model": "auth.permission",
    "pk": 3
},
{
    "fields": {
        "codename": "add_permission",
        "name": "Can add permission",
        "content_type": 2
    },
    "model": "auth.permission",
    "pk": 4
},
{
    "fields": {
        "codename": "change_permission",
        "name": "Can change permission",
        "content_type": 2
    },
    "model": "auth.permission",
    "pk": 5
},
{
    "fields": {
        "codename": "delete_permission",
        "name": "Can delete permission",
        "content_type": 2
    },
    "model": "auth.permission",
    "pk": 6
},
{
    "fields": {
        "codename": "add_group",
        "name": "Can add group",
        "content_type": 3
    },
    "model": "auth.permission",
    "pk": 7
},
{
    "fields": {
        "codename": "change_group",
        "name": "Can change group",
        "content_type": 3
    },
    "model": "auth.permission",
    "pk": 8
},
{
    "fields": {
        "codename": "delete_group",
        "name": "Can delete group",
        "content_type": 3
    },
    "model": "auth.permission",
    "pk": 9
},
{
    "fields": {
        "codename": "add_user",
        "name": "Can add user",
        "content_type": 4
    },
    "model": "auth.permission",
    "pk": 10
},
{
    "fields": {
        "codename": "change_user",
        "name": "Can change user",
        "content_type": 4
    },
    "model": "auth.permission",
    "pk": 11
},
{
    "fields": {
        "codename": "delete_user",
        "name": "Can delete user",
        "content_type": 4
    },
    "model": "auth.permission",
    "pk": 12
},
{
    "fields": {
        "codename": "add_contenttype",
        "name": "Can add content type",
        "content_type": 5
    },
    "model": "auth.permission",
    "pk": 13
},
{
    "fields": {
        "codename": "change_contenttype",
        "name": "Can change content type",
        "content_type": 5
    },
    "model": "auth.permission",
    "pk": 14
},
{
    "fields": {
        "codename": "delete_contenttype",
        "name": "Can delete content type",
        "content_type": 5
    },
    "model": "auth.permission",
    "pk": 15
},
{
    "fields": {
        "codename": "add_session",
        "name": "Can add session",
        "content_type": 6
    },
    "model": "auth.permission",
    "pk": 16
},
{
    "fields": {
        "codename": "change_session",
        "name": "Can change session",
        "content_type": 6
    },
    "model": "auth.permission",
    "pk": 17
},
{
    "fields": {
        "codename": "delete_session",
        "name": "Can delete session",
        "content_type": 6
    },
    "model": "auth.permission",
    "pk": 18
},
{
    "fields": {
        "codename": "add_student",
        "name": "Can add \u0421\u0442\u0443\u0434\u0435\u043d\u0442",
        "content_type": 7
    },
    "model": "auth.permission",
    "pk": 19
},
{
    "fields": {
        "codename": "change_student",
        "name": "Can change \u0421\u0442\u0443\u0434\u0435\u043d\u0442",
        "content_type": 7
    },
    "model": "auth.permission",
    "pk": 20
},
{
    "fields": {
        "codename": "delete_student",
        "name": "Can delete \u0421\u0442\u0443\u0434\u0435\u043d\u0442",
        "content_type": 7
    },
    "model": "auth.permission",
    "pk": 21
},
{
    "fields": {
        "codename": "add_group",
        "name": "Can add \u0413\u0440\u0443\u043f\u0430",
        "content_type": 8
    },
    "model": "auth.permission",
    "pk": 22
},
{
    "fields": {
        "codename": "change_group",
        "name": "Can change \u0413\u0440\u0443\u043f\u0430",
        "content_type": 8
    },
    "model": "auth.permission",
    "pk": 23
},
{
    "fields": {
        "codename": "delete_group",
        "name": "Can delete \u0413\u0440\u0443\u043f\u0430",
        "content_type": 8
    },
    "model": "auth.permission",
    "pk": 24
},
{
    "fields": {
        "codename": "add_exam",
        "name": "Can add \u0406\u0441\u043f\u0438\u0442",
        "content_type": 9
    },
    "model": "auth.permission",
    "pk": 25
},
{
    "fields": {
        "codename": "change_exam",
        "name": "Can change \u0406\u0441\u043f\u0438\u0442",
        "content_type": 9
    },
    "model": "auth.permission",
    "pk": 26
},
{
    "fields": {
        "codename": "delete_exam",
        "name": "Can delete \u0406\u0441\u043f\u0438\u0442",
        "content_type": 9
    },
    "model": "auth.permission",
    "pk": 27
},
{
    "fields": {
        "codename": "add_examresults",
        "name": "Can add \u0420\u0435\u0437\u0443\u043b\u044c\u0442\u0430\u0442",
        "content_type": 10
    },
    "model": "auth.permission",
    "pk": 28
},
{
    "fields": {
        "codename": "change_examresults",
        "name": "Can change \u0420\u0435\u0437\u0443\u043b\u044c\u0442\u0430\u0442",
        "content_type": 10
    },
    "model": "auth.permission",
    "pk": 29
},
{
    "fields": {
        "codename": "delete_examresults",
        "name": "Can delete \u0420\u0435\u0437\u0443\u043b\u044c\u0442\u0430\u0442",
        "content_type": 10
    },
    "model": "auth.permission",
    "pk": 30
},
{
    "fields": {
        "codename": "add_captchastore",
        "name": "Can add captcha store",
        "content_type": 11
    },
    "model": "auth.permission",
    "pk": 31
},
{
    "fields": {
        "codename": "change_captchastore",
        "name": "Can change captcha store",
        "content_type": 11
    },
    "model": "auth.permission",
    "pk": 32
},
{
    "fields": {
        "codename": "delete_captchastore",
        "name": "Can delete captcha store",
        "content_type": 11
    },
    "model": "auth.permission",
    "pk": 33
},
{
    "fields": {
        "username": "admin",
        "first_name": "",
        "last_name": "",
        "is_active": true,
        "is_superuser": true,
        "is_staff": true,
        "last_login": "2015-02-12T09:23:29Z",
        "groups": [],
        "user_permissions": [],
        "password": "pbkdf2_sha256$12000$EkEUfEBIQfTg$ABADFTxbBgRDkxz/0T3VuA8k1JvkkHklGZ7eSOWAFaI=",
        "email": "admin@test.com",
        "date_joined": "2014-12-16T15:10:08Z"
    },
    "model": "auth.user",
    "pk": 1
},
{
    "fields": {
        "action_flag": 1,
        "action_time": "2014-12-16T17:45:14Z",
        "object_repr": "FTR-S01E01",
        "object_id": "1",
        "change_message": "",
        "user": 1,
        "content_type": 8
    },
    "model": "admin.logentry",
    "pk": 1
},
{
    "fields": {
        "action_flag": 1,
        "action_time": "2014-12-16T17:46:59Z",
        "object_repr": "\u0424\u0456\u043b\u043b\u0456\u043f \u0424\u0440\u0430\u0439",
        "object_id": "1",
        "change_message": "",
        "user": 1,
        "content_type": 7
    },
    "model": "admin.logentry",
    "pk": 2
},
{
    "fields": {
        "action_flag": 2,
        "action_time": "2014-12-16T17:47:12Z",
        "object_repr": "FTR-S01E01 (\u0424\u0456\u043b\u043b\u0456\u043f \u0424\u0440\u0430\u0439)",
        "object_id": "1",
        "change_message": "Changed leader.",
        "user": 1,
        "content_type": 8
    },
    "model": "admin.logentry",
    "pk": 3
},
{
    "fields": {
        "action_flag": 2,
        "action_time": "2014-12-16T18:42:54Z",
        "object_repr": "\u0424\u0456\u043b\u043b\u0456\u043f \u0424\u0440\u0430\u0439",
        "object_id": "1",
        "change_message": "Changed student_group.",
        "user": 1,
        "content_type": 7
    },
    "model": "admin.logentry",
    "pk": 4
},
{
    "fields": {
        "action_flag": 3,
        "action_time": "2014-12-16T18:43:12Z",
        "object_repr": "Demo",
        "object_id": "2",
        "change_message": "",
        "user": 1,
        "content_type": 8
    },
    "model": "admin.logentry",
    "pk": 5
},
{
    "fields": {
        "action_flag": 1,
        "action_time": "2014-12-16T19:13:25Z",
        "object_repr": "\u041b\u0438\u043b\u0430 \u0422\u0443\u0440\u0430\u043d\u0433\u0430",
        "object_id": "3",
        "change_message": "",
        "user": 1,
        "content_type": 7
    },
    "model": "admin.logentry",
    "pk": 6
},
{
    "fields": {
        "action_flag": 1,
        "action_time": "2014-12-16T19:15:58Z",
        "object_repr": "Bender Rodriquez",
        "object_id": "4",
        "change_message": "",
        "user": 1,
        "content_type": 7
    },
    "model": "admin.logentry",
    "pk": 7
},
{
    "fields": {
        "action_flag": 1,
        "action_time": "2014-12-16T19:17:31Z",
        "object_repr": "\u0425\u044c\u044e\u0431\u0435\u0440\u0442 \u0424\u0430\u0440\u043d\u0441\u0432\u043e\u0440\u0442",
        "object_id": "5",
        "change_message": "",
        "user": 1,
        "content_type": 7
    },
    "model": "admin.logentry",
    "pk": 8
},
{
    "fields": {
        "action_flag": 1,
        "action_time": "2014-12-16T19:18:43Z",
        "object_repr": "\u0414\u0436\u043e\u043d \u0417\u043e\u0439\u0434\u0431\u0435\u0440\u0433",
        "object_id": "6",
        "change_message": "",
        "user": 1,
        "content_type": 7
    },
    "model": "admin.logentry",
    "pk": 9
},
{
    "fields": {
        "action_flag": 1,
        "action_time": "2014-12-16T19:20:03Z",
        "object_repr": "Amy Wong",
        "object_id": "7",
        "change_message": "",
        "user": 1,
        "content_type": 7
    },
    "model": "admin.logentry",
    "pk": 10
},
{
    "fields": {
        "action_flag": 1,
        "action_time": "2014-12-16T19:21:18Z",
        "object_repr": "\u0413\u0435\u0440\u043c\u0435\u0441 \u041a\u043e\u043d\u0440\u0430\u0434",
        "object_id": "8",
        "change_message": "",
        "user": 1,
        "content_type": 7
    },
    "model": "admin.logentry",
    "pk": 11
},
{
    "fields": {
        "action_flag": 2,
        "action_time": "2014-12-16T19:22:13Z",
        "object_repr": "FTR-S01E01 (\u0425\u044c\u044e\u0431\u0435\u0440\u0442 \u0424\u0430\u0440\u043d\u0441\u0432\u043e\u0440\u0442)",
        "object_id": "1",
        "change_message": "Changed leader and notes.",
        "user": 1,
        "content_type": 8
    },
    "model": "admin.logentry",
    "pk": 12
},
{
    "fields": {
        "action_flag": 3,
        "action_time": "2014-12-19T14:43:48Z",
        "object_repr": "Demo11",
        "object_id": "3",
        "change_message": "",
        "user": 1,
        "content_type": 8
    },
    "model": "admin.logentry",
    "pk": 13
},
{
    "fields": {
        "action_flag": 1,
        "action_time": "2014-12-19T14:44:32Z",
        "object_repr": "SMP-S23E01",
        "object_id": "4",
        "change_message": "",
        "user": 1,
        "content_type": 8
    },
    "model": "admin.logentry",
    "pk": 14
},
{
    "fields": {
        "action_flag": 1,
        "action_time": "2014-12-19T14:46:08Z",
        "object_repr": "BTT-S08E01",
        "object_id": "5",
        "change_message": "",
        "user": 1,
        "content_type": 8
    },
    "model": "admin.logentry",
    "pk": 15
},
{
    "fields": {
        "action_flag": 1,
        "action_time": "2014-12-19T14:47:46Z",
        "object_repr": "5\u0437\u041a\u0421\u0421 (Alexander Tyapkin)",
        "object_id": "6",
        "change_message": "",
        "user": 1,
        "content_type": 8
    },
    "model": "admin.logentry",
    "pk": 16
},
{
    "fields": {
        "action_flag": 2,
        "action_time": "2014-12-19T14:48:34Z",
        "object_repr": "\u0410\u043b\u0435\u043a\u0441\u0430\u043d\u0434\u0440 \u0422\u044f\u043f\u043a\u0438\u043d",
        "object_id": "2",
        "change_message": "Changed first_name, last_name, middle_name and student_group.",
        "user": 1,
        "content_type": 7
    },
    "model": "admin.logentry",
    "pk": 17
},
{
    "fields": {
        "action_flag": 1,
        "action_time": "2014-12-19T14:51:15Z",
        "object_repr": "\u0428\u0435\u043b\u0434\u043e\u043d \u041a\u0443\u043f\u0435\u0440",
        "object_id": "9",
        "change_message": "",
        "user": 1,
        "content_type": 7
    },
    "model": "admin.logentry",
    "pk": 18
},
{
    "fields": {
        "action_flag": 1,
        "action_time": "2014-12-19T14:52:19Z",
        "object_repr": "\u041b\u0435\u043e\u043d\u0430\u0440\u0434 \u0425\u043e\u0444\u0441\u0442\u0435\u0434\u0435\u0440",
        "object_id": "10",
        "change_message": "",
        "user": 1,
        "content_type": 7
    },
    "model": "admin.logentry",
    "pk": 19
},
{
    "fields": {
        "action_flag": 2,
        "action_time": "2014-12-19T14:52:38Z",
        "object_repr": "BBT-S08E01 (\u0428\u0435\u043b\u0434\u043e\u043d \u041a\u0443\u043f\u0435\u0440)",
        "object_id": "5",
        "change_message": "Changed title and leader.",
        "user": 1,
        "content_type": 8
    },
    "model": "admin.logentry",
    "pk": 20
},
{
    "fields": {
        "action_flag": 1,
        "action_time": "2014-12-19T14:53:50Z",
        "object_repr": "\u0421\u0435\u0440\u0433\u0435\u0439 \u0420\u0443\u0434\u0435\u043d\u043a\u043e",
        "object_id": "11",
        "change_message": "",
        "user": 1,
        "content_type": 7
    },
    "model": "admin.logentry",
    "pk": 21
},
{
    "fields": {
        "action_flag": 2,
        "action_time": "2014-12-19T14:54:07Z",
        "object_repr": "\u0421\u0435\u0440\u0433\u0435\u0439 \u0420\u0443\u0434\u0435\u043d\u043a\u043e",
        "object_id": "11",
        "change_message": "Changed ticket.",
        "user": 1,
        "content_type": 7
    },
    "model": "admin.logentry",
    "pk": 22
},
{
    "fields": {
        "action_flag": 1,
        "action_time": "2014-12-19T14:54:54Z",
        "object_repr": "\u0422\u0435\u043e\u0440\u0456\u044f \u0439\u043c\u043e\u0432\u0456\u0440\u043d\u043e\u0441\u0442\u0456 (\u0426\u0438\u0432\u0456\u043b\u044c\u0441\u043a\u0438\u0439 \u0424. \u041c.)",
        "object_id": "1",
        "change_message": "",
        "user": 1,
        "content_type": 9
    },
    "model": "admin.logentry",
    "pk": 23
},
{
    "fields": {
        "action_flag": 1,
        "action_time": "2014-12-19T14:55:20Z",
        "object_repr": "\u0422\u0435\u0445\u043d\u0456\u043a\u0430 \u0431\u0435\u0437\u043f\u0435\u043a\u0438 (\u0411\u0430\u0440\u0430\u043d\u0435\u043d\u043a\u043e \u0420. \u0412.)",
        "object_id": "2",
        "change_message": "",
        "user": 1,
        "content_type": 9
    },
    "model": "admin.logentry",
    "pk": 24
},
{
    "fields": {
        "action_flag": 1,
        "action_time": "2014-12-22T20:20:19Z",
        "object_repr": "\u0422\u0435\u043e\u0440\u0456\u044f \u0439\u043c\u043e\u0432\u0456\u0440\u043d\u043e\u0441\u0442\u0456",
        "object_id": "1",
        "change_message": "",
        "user": 1,
        "content_type": 10
    },
    "model": "admin.logentry",
    "pk": 25
},
{
    "fields": {
        "action_flag": 1,
        "action_time": "2014-12-22T20:20:32Z",
        "object_repr": "\u0422\u0435\u0445\u043d\u0456\u043a\u0430 \u0431\u0435\u0437\u043f\u0435\u043a\u0438",
        "object_id": "2",
        "change_message": "",
        "user": 1,
        "content_type": 10
    },
    "model": "admin.logentry",
    "pk": 26
},
{
    "fields": {
        "action_flag": 1,
        "action_time": "2014-12-23T18:33:06Z",
        "object_repr": "\u042d\u043a\u0437\u0430\u043c\u0435\u043d \u043a\u0430\u043a\u043e\u0439-\u0442\u043e (\u041f\u0440\u0435\u043f\u043e\u0434\u0430\u0432\u0430\u0442\u0435\u043b\u044c \u041c. \u0422.)",
        "object_id": "3",
        "change_message": "",
        "user": 1,
        "content_type": 9
    },
    "model": "admin.logentry",
    "pk": 27
},
{
    "fields": {
        "action_flag": 1,
        "action_time": "2014-12-23T18:34:18Z",
        "object_repr": "\u0415\u0449\u0435 \u043e\u0434\u0438\u043d \u044d\u043a\u0437\u0430\u043c\u0435\u043d \u0431*#$! (\u0413\u0430\u0434 \u041f. \u0410.)",
        "object_id": "4",
        "change_message": "",
        "user": 1,
        "content_type": 9
    },
    "model": "admin.logentry",
    "pk": 28
},
{
    "fields": {
        "action_flag": 1,
        "action_time": "2014-12-23T18:34:54Z",
        "object_repr": "\u042d\u043a\u0437\u0430\u043c\u0435\u043d \u043a\u0430\u043a\u043e\u0439-\u0442\u043e",
        "object_id": "3",
        "change_message": "",
        "user": 1,
        "content_type": 10
    },
    "model": "admin.logentry",
    "pk": 29
},
{
    "fields": {
        "action_flag": 1,
        "action_time": "2014-12-23T18:35:11Z",
        "object_repr": "\u042d\u043a\u0437\u0430\u043c\u0435\u043d \u043a\u0430\u043a\u043e\u0439-\u0442\u043e",
        "object_id": "4",
        "change_message": "",
        "user": 1,
        "content_type": 10
    },
    "model": "admin.logentry",
    "pk": 30
},
{
    "fields": {
        "action_flag": 1,
        "action_time": "2014-12-23T18:35:22Z",
        "object_repr": "\u042d\u043a\u0437\u0430\u043c\u0435\u043d \u043a\u0430\u043a\u043e\u0439-\u0442\u043e",
        "object_id": "5",
        "change_message": "",
        "user": 1,
        "content_type": 10
    },
    "model": "admin.logentry",
    "pk": 31
},
{
    "fields": {
        "action_flag": 1,
        "action_time": "2014-12-23T18:35:33Z",
        "object_repr": "\u042d\u043a\u0437\u0430\u043c\u0435\u043d \u043a\u0430\u043a\u043e\u0439-\u0442\u043e",
        "object_id": "6",
        "change_message": "",
        "user": 1,
        "content_type": 10
    },
    "model": "admin.logentry",
    "pk": 32
},
{
    "fields": {
        "action_flag": 1,
        "action_time": "2014-12-23T19:08:21Z",
        "object_repr": "Exam #3 (Test T.)",
        "object_id": "5",
        "change_message": "",
        "user": 1,
        "content_type": 9
    },
    "model": "admin.logentry",
    "pk": 33
},
{
    "fields": {
        "action_flag": 3,
        "action_time": "2014-12-23T19:09:02Z",
        "object_repr": "Exam #3 (Test T.)",
        "object_id": "5",
        "change_message": "",
        "user": 1,
        "content_type": 9
    },
    "model": "admin.logentry",
    "pk": 34
},
{
    "fields": {
        "action_flag": 1,
        "action_time": "2014-12-23T19:13:15Z",
        "object_repr": "Exam #3 (Test T.)",
        "object_id": "8",
        "change_message": "",
        "user": 1,
        "content_type": 9
    },
    "model": "admin.logentry",
    "pk": 35
},
{
    "fields": {
        "action_flag": 3,
        "action_time": "2014-12-23T19:18:11Z",
        "object_repr": "Exam #3 (Test T.)",
        "object_id": "8",
        "change_message": "",
        "user": 1,
        "content_type": 9
    },
    "model": "admin.logentry",
    "pk": 36
},
{
    "fields": {
        "action_flag": 3,
        "action_time": "2014-12-23T19:18:11Z",
        "object_repr": "\u0415\u0449\u0435 \u043e\u0434\u0438\u043d \u044d\u043a\u0437\u0430\u043c\u0435\u043d \u0431*#$! (\u0413\u0430\u0434 \u041f. \u0410.)",
        "object_id": "4",
        "change_message": "",
        "user": 1,
        "content_type": 9
    },
    "model": "admin.logentry",
    "pk": 37
},
{
    "fields": {
        "action_flag": 3,
        "action_time": "2014-12-23T19:18:11Z",
        "object_repr": "\u042d\u043a\u0437\u0430\u043c\u0435\u043d \u043a\u0430\u043a\u043e\u0439-\u0442\u043e (\u041f\u0440\u0435\u043f\u043e\u0434\u0430\u0432\u0430\u0442\u0435\u043b\u044c \u041c. \u0422.)",
        "object_id": "3",
        "change_message": "",
        "user": 1,
        "content_type": 9
    },
    "model": "admin.logentry",
    "pk": 38
},
{
    "fields": {
        "action_flag": 1,
        "action_time": "2014-12-23T19:58:38Z",
        "object_repr": "Exam #1 (Test Teacher Lee)",
        "object_id": "9",
        "change_message": "",
        "user": 1,
        "content_type": 9
    },
    "model": "admin.logentry",
    "pk": 39
},
{
    "fields": {
        "action_flag": 1,
        "action_time": "2014-12-23T20:03:18Z",
        "object_repr": "Exam #1 - Test Teacher Lee",
        "object_id": "7",
        "change_message": "",
        "user": 1,
        "content_type": 10
    },
    "model": "admin.logentry",
    "pk": 40
},
{
    "fields": {
        "action_flag": 3,
        "action_time": "2014-12-24T17:16:11Z",
        "object_repr": "Exam #1 - Test Teacher Lee",
        "object_id": "7",
        "change_message": "",
        "user": 1,
        "content_type": 10
    },
    "model": "admin.logentry",
    "pk": 41
},
{
    "fields": {
        "action_flag": 3,
        "action_time": "2014-12-24T17:16:31Z",
        "object_repr": "Exam #1 (Test Teacher Lee)",
        "object_id": "9",
        "change_message": "",
        "user": 1,
        "content_type": 9
    },
    "model": "admin.logentry",
    "pk": 42
},
{
    "fields": {
        "action_flag": 1,
        "action_time": "2014-12-24T17:41:52Z",
        "object_repr": "test exam (Test T.)",
        "object_id": "10",
        "change_message": "",
        "user": 1,
        "content_type": 9
    },
    "model": "admin.logentry",
    "pk": 43
},
{
    "fields": {
        "action_flag": 3,
        "action_time": "2014-12-24T17:42:09Z",
        "object_repr": "test exam (Test T.)",
        "object_id": "10",
        "change_message": "",
        "user": 1,
        "content_type": 9
    },
    "model": "admin.logentry",
    "pk": 44
},
{
    "fields": {
        "action_flag": 1,
        "action_time": "2014-12-24T17:55:04Z",
        "object_repr": "Exam #3 (\u0413\u0430\u0434 \u041f. \u0410.)",
        "object_id": "11",
        "change_message": "",
        "user": 1,
        "content_type": 9
    },
    "model": "admin.logentry",
    "pk": 45
},
{
    "fields": {
        "action_flag": 3,
        "action_time": "2014-12-24T18:00:18Z",
        "object_repr": "Exam #3 (\u0413\u0430\u0434 \u041f. \u0410.)",
        "object_id": "11",
        "change_message": "",
        "user": 1,
        "content_type": 9
    },
    "model": "admin.logentry",
    "pk": 46
},
{
    "fields": {
        "action_flag": 1,
        "action_time": "2014-12-24T18:00:36Z",
        "object_repr": "Exam #3 (Test Teacher Lee)",
        "object_id": "12",
        "change_message": "",
        "user": 1,
        "content_type": 9
    },
    "model": "admin.logentry",
    "pk": 47
},
{
    "fields": {
        "action_flag": 3,
        "action_time": "2014-12-24T18:00:54Z",
        "object_repr": "Exam #3 (Test Teacher Lee)",
        "object_id": "12",
        "change_message": "",
        "user": 1,
        "content_type": 9
    },
    "model": "admin.logentry",
    "pk": 48
},
{
    "fields": {
        "action_flag": 1,
        "action_time": "2014-12-24T18:03:33Z",
        "object_repr": "Exam #3 (Test T.)",
        "object_id": "13",
        "change_message": "",
        "user": 1,
        "content_type": 9
    },
    "model": "admin.logentry",
    "pk": 49
},
{
    "fields": {
        "action_flag": 1,
        "action_time": "2014-12-24T18:50:35Z",
        "object_repr": "Exam #3 (\u0411\u0430\u0440\u0430\u043d\u0435\u043d\u043a\u043e \u0420. \u0412.)",
        "object_id": "14",
        "change_message": "",
        "user": 1,
        "content_type": 9
    },
    "model": "admin.logentry",
    "pk": 50
},
{
    "fields": {
        "action_flag": 1,
        "action_time": "2014-12-24T18:54:37Z",
        "object_repr": "test exam (Test T.)",
        "object_id": "15",
        "change_message": "",
        "user": 1,
        "content_type": 9
    },
    "model": "admin.logentry",
    "pk": 51
},
{
    "fields": {
        "action_flag": 1,
        "action_time": "2014-12-24T19:00:10Z",
        "object_repr": "test exam44 (Test T.)",
        "object_id": "16",
        "change_message": "",
        "user": 1,
        "content_type": 9
    },
    "model": "admin.logentry",
    "pk": 52
},
{
    "fields": {
        "action_flag": 3,
        "action_time": "2014-12-24T19:03:14Z",
        "object_repr": "test exam44 (Test T.)",
        "object_id": "16",
        "change_message": "",
        "user": 1,
        "content_type": 9
    },
    "model": "admin.logentry",
    "pk": 53
},
{
    "fields": {
        "action_flag": 3,
        "action_time": "2014-12-24T19:03:14Z",
        "object_repr": "test exam (Test T.)",
        "object_id": "15",
        "change_message": "",
        "user": 1,
        "content_type": 9
    },
    "model": "admin.logentry",
    "pk": 54
},
{
    "fields": {
        "action_flag": 3,
        "action_time": "2014-12-24T19:03:14Z",
        "object_repr": "Exam #3 (\u0411\u0430\u0440\u0430\u043d\u0435\u043d\u043a\u043e \u0420. \u0412.)",
        "object_id": "14",
        "change_message": "",
        "user": 1,
        "content_type": 9
    },
    "model": "admin.logentry",
    "pk": 55
},
{
    "fields": {
        "action_flag": 3,
        "action_time": "2014-12-24T19:03:14Z",
        "object_repr": "Exam #3 (Test T.)",
        "object_id": "13",
        "change_message": "",
        "user": 1,
        "content_type": 9
    },
    "model": "admin.logentry",
    "pk": 56
},
{
    "fields": {
        "action_flag": 1,
        "action_time": "2014-12-24T19:03:52Z",
        "object_repr": "Exam #3 (\u041f\u0440\u0435\u043f\u043e\u0434\u0430\u0432\u0430\u0442\u0435\u043b\u044c \u041c. \u0422.)",
        "object_id": "17",
        "change_message": "",
        "user": 1,
        "content_type": 9
    },
    "model": "admin.logentry",
    "pk": 57
},
{
    "fields": {
        "action_flag": 3,
        "action_time": "2014-12-24T19:10:41Z",
        "object_repr": "Exam #3 (\u041f\u0440\u0435\u043f\u043e\u0434\u0430\u0432\u0430\u0442\u0435\u043b\u044c \u041c. \u0422.)",
        "object_id": "17",
        "change_message": "",
        "user": 1,
        "content_type": 9
    },
    "model": "admin.logentry",
    "pk": 58
},
{
    "fields": {
        "action_flag": 1,
        "action_time": "2014-12-24T19:12:32Z",
        "object_repr": "Exam #3 (Test T.)",
        "object_id": "19",
        "change_message": "",
        "user": 1,
        "content_type": 9
    },
    "model": "admin.logentry",
    "pk": 59
},
{
    "fields": {
        "action_flag": 3,
        "action_time": "2014-12-24T19:27:15Z",
        "object_repr": "Exam #3 - \u0413\u0435\u0440\u043c\u0435\u0441 \u041a\u043e\u043d\u0440\u0430\u0434",
        "object_id": "14",
        "change_message": "",
        "user": 1,
        "content_type": 10
    },
    "model": "admin.logentry",
    "pk": 60
},
{
    "fields": {
        "action_flag": 3,
        "action_time": "2014-12-24T19:27:15Z",
        "object_repr": "Exam #3 - Amy Wong",
        "object_id": "13",
        "change_message": "",
        "user": 1,
        "content_type": 10
    },
    "model": "admin.logentry",
    "pk": 61
},
{
    "fields": {
        "action_flag": 3,
        "action_time": "2014-12-24T19:27:15Z",
        "object_repr": "Exam #3 - \u0414\u0436\u043e\u043d \u0417\u043e\u0439\u0434\u0431\u0435\u0440\u0433",
        "object_id": "12",
        "change_message": "",
        "user": 1,
        "content_type": 10
    },
    "model": "admin.logentry",
    "pk": 62
},
{
    "fields": {
        "action_flag": 3,
        "action_time": "2014-12-24T19:27:15Z",
        "object_repr": "Exam #3 - \u0425\u044c\u044e\u0431\u0435\u0440\u0442 \u0424\u0430\u0440\u043d\u0441\u0432\u043e\u0440\u0442",
        "object_id": "11",
        "change_message": "",
        "user": 1,
        "content_type": 10
    },
    "model": "admin.logentry",
    "pk": 63
},
{
    "fields": {
        "action_flag": 3,
        "action_time": "2014-12-24T19:27:15Z",
        "object_repr": "Exam #3 - Bender Rodriquez",
        "object_id": "10",
        "change_message": "",
        "user": 1,
        "content_type": 10
    },
    "model": "admin.logentry",
    "pk": 64
},
{
    "fields": {
        "action_flag": 3,
        "action_time": "2014-12-24T19:27:15Z",
        "object_repr": "Exam #3 - \u041b\u0438\u043b\u0430 \u0422\u0443\u0440\u0430\u043d\u0433\u0430",
        "object_id": "9",
        "change_message": "",
        "user": 1,
        "content_type": 10
    },
    "model": "admin.logentry",
    "pk": 65
},
{
    "fields": {
        "action_flag": 3,
        "action_time": "2014-12-24T19:27:15Z",
        "object_repr": "Exam #3 - \u0424\u0456\u043b\u043b\u0456\u043f \u0424\u0440\u0430\u0439",
        "object_id": "8",
        "change_message": "",
        "user": 1,
        "content_type": 10
    },
    "model": "admin.logentry",
    "pk": 66
},
{
    "fields": {
        "action_flag": 3,
        "action_time": "2014-12-24T19:27:24Z",
        "object_repr": "Exam #3 (Test T.)",
        "object_id": "19",
        "change_message": "",
        "user": 1,
        "content_type": 9
    },
    "model": "admin.logentry",
    "pk": 67
},
{
    "fields": {
        "action_flag": 1,
        "action_time": "2014-12-24T20:10:35Z",
        "object_repr": "\u0414\u0438\u0441\u043a\u0440\u0435\u0442\u043d\u0430\u044f \u043c\u0430\u0442\u0435\u043c\u0430\u0442\u0438\u043a\u0430 (\u0425\u0430\u043f\u043e\u0432 \u0410. \u042e.)",
        "object_id": "20",
        "change_message": "",
        "user": 1,
        "content_type": 9
    },
    "model": "admin.logentry",
    "pk": 68
},
{
    "fields": {
        "action_flag": 2,
        "action_time": "2014-12-25T18:42:35Z",
        "object_repr": "\u0414\u0438\u0441\u043a\u0440\u0435\u0442\u043d\u0430\u044f \u043c\u0430\u0442\u0435\u043c\u0430\u0442\u0438\u043a\u0430 - \u0413\u0435\u0440\u043c\u0435\u0441 \u041a\u043e\u043d\u0440\u0430\u0434",
        "object_id": "21",
        "change_message": "Changed grade.",
        "user": 1,
        "content_type": 10
    },
    "model": "admin.logentry",
    "pk": 69
},
{
    "fields": {
        "action_flag": 2,
        "action_time": "2014-12-25T18:42:57Z",
        "object_repr": "\u0414\u0438\u0441\u043a\u0440\u0435\u0442\u043d\u0430\u044f \u043c\u0430\u0442\u0435\u043c\u0430\u0442\u0438\u043a\u0430 - Amy Wong",
        "object_id": "20",
        "change_message": "Changed grade.",
        "user": 1,
        "content_type": 10
    },
    "model": "admin.logentry",
    "pk": 70
},
{
    "fields": {
        "action_flag": 2,
        "action_time": "2014-12-25T18:43:00Z",
        "object_repr": "\u0414\u0438\u0441\u043a\u0440\u0435\u0442\u043d\u0430\u044f \u043c\u0430\u0442\u0435\u043c\u0430\u0442\u0438\u043a\u0430 - Amy Wong",
        "object_id": "20",
        "change_message": "No fields changed.",
        "user": 1,
        "content_type": 10
    },
    "model": "admin.logentry",
    "pk": 71
},
{
    "fields": {
        "action_flag": 2,
        "action_time": "2014-12-25T18:43:06Z",
        "object_repr": "\u0414\u0438\u0441\u043a\u0440\u0435\u0442\u043d\u0430\u044f \u043c\u0430\u0442\u0435\u043c\u0430\u0442\u0438\u043a\u0430 - \u0414\u0436\u043e\u043d \u0417\u043e\u0439\u0434\u0431\u0435\u0440\u0433",
        "object_id": "19",
        "change_message": "Changed grade.",
        "user": 1,
        "content_type": 10
    },
    "model": "admin.logentry",
    "pk": 72
},
{
    "fields": {
        "action_flag": 2,
        "action_time": "2014-12-25T18:43:11Z",
        "object_repr": "\u0414\u0438\u0441\u043a\u0440\u0435\u0442\u043d\u0430\u044f \u043c\u0430\u0442\u0435\u043c\u0430\u0442\u0438\u043a\u0430 - \u0425\u044c\u044e\u0431\u0435\u0440\u0442 \u0424\u0430\u0440\u043d\u0441\u0432\u043e\u0440\u0442",
        "object_id": "18",
        "change_message": "Changed grade.",
        "user": 1,
        "content_type": 10
    },
    "model": "admin.logentry",
    "pk": 73
},
{
    "fields": {
        "action_flag": 2,
        "action_time": "2014-12-25T18:43:18Z",
        "object_repr": "\u0414\u0438\u0441\u043a\u0440\u0435\u0442\u043d\u0430\u044f \u043c\u0430\u0442\u0435\u043c\u0430\u0442\u0438\u043a\u0430 - Bender Rodriquez",
        "object_id": "17",
        "change_message": "Changed grade.",
        "user": 1,
        "content_type": 10
    },
    "model": "admin.logentry",
    "pk": 74
},
{
    "fields": {
        "action_flag": 2,
        "action_time": "2014-12-25T18:43:23Z",
        "object_repr": "\u0414\u0438\u0441\u043a\u0440\u0435\u0442\u043d\u0430\u044f \u043c\u0430\u0442\u0435\u043c\u0430\u0442\u0438\u043a\u0430 - \u041b\u0438\u043b\u0430 \u0422\u0443\u0440\u0430\u043d\u0433\u0430",
        "object_id": "16",
        "change_message": "Changed grade.",
        "user": 1,
        "content_type": 10
    },
    "model": "admin.logentry",
    "pk": 75
},
{
    "fields": {
        "action_flag": 2,
        "action_time": "2014-12-25T18:43:31Z",
        "object_repr": "\u0414\u0438\u0441\u043a\u0440\u0435\u0442\u043d\u0430\u044f \u043c\u0430\u0442\u0435\u043c\u0430\u0442\u0438\u043a\u0430 - \u0424\u0456\u043b\u043b\u0456\u043f \u0424\u0440\u0430\u0439",
        "object_id": "15",
        "change_message": "Changed grade.",
        "user": 1,
        "content_type": 10
    },
    "model": "admin.logentry",
    "pk": 76
},
{
    "fields": {
        "action_flag": 1,
        "action_time": "2014-12-25T19:34:06Z",
        "object_repr": "\u0422\u0435\u0441\u0442\u043e\u0432\u0430 \u0433\u0440\u0443\u043f\u0430",
        "object_id": "7",
        "change_message": "",
        "user": 1,
        "content_type": 8
    },
    "model": "admin.logentry",
    "pk": 77
},
{
    "fields": {
        "action_flag": 1,
        "action_time": "2014-12-25T19:39:50Z",
        "object_repr": "Test Tester",
        "object_id": "12",
        "change_message": "",
        "user": 1,
        "content_type": 7
    },
    "model": "admin.logentry",
    "pk": 78
},
{
    "fields": {
        "action_flag": 2,
        "action_time": "2014-12-25T19:40:09Z",
        "object_repr": "\u0422\u0435\u0441\u0442\u043e\u0432\u0430 \u0433\u0440\u0443\u043f\u0430 (\u041b\u0438\u043b\u0430 \u0422\u0443\u0440\u0430\u043d\u0433\u0430)",
        "object_id": "7",
        "change_message": "Changed leader.",
        "user": 1,
        "content_type": 8
    },
    "model": "admin.logentry",
    "pk": 79
},
{
    "fields": {
        "action_flag": 2,
        "action_time": "2014-12-25T19:40:17Z",
        "object_repr": "\u0422\u0435\u0441\u0442\u043e\u0432\u0430 \u0433\u0440\u0443\u043f\u0430",
        "object_id": "7",
        "change_message": "Changed leader.",
        "user": 1,
        "content_type": 8
    },
    "model": "admin.logentry",
    "pk": 80
},
{
    "fields": {
        "action_flag": 3,
        "action_time": "2014-12-25T19:44:02Z",
        "object_repr": "Test Tester",
        "object_id": "12",
        "change_message": "",
        "user": 1,
        "content_type": 7
    },
    "model": "admin.logentry",
    "pk": 81
},
{
    "fields": {
        "action_flag": 3,
        "action_time": "2014-12-25T19:44:19Z",
        "object_repr": "\u0422\u0435\u0441\u0442\u043e\u0432\u0430 \u0433\u0440\u0443\u043f\u0430",
        "object_id": "7",
        "change_message": "",
        "user": 1,
        "content_type": 8
    },
    "model": "admin.logentry",
    "pk": 82
},
{
    "fields": {
        "action_flag": 2,
        "action_time": "2014-12-26T12:18:50Z",
        "object_repr": "\u0414\u0438\u0441\u043a\u0440\u0435\u0442\u043d\u0430 \u043c\u0430\u0442\u0435\u043c\u0430\u0442\u0438\u043a\u0430 (\u0425\u0430\u043f\u043e\u0432 \u0410. \u042e.)",
        "object_id": "20",
        "change_message": "Changed exam_name.",
        "user": 1,
        "content_type": 9
    },
    "model": "admin.logentry",
    "pk": 83
},
{
    "fields": {
        "action_flag": 3,
        "action_time": "2015-01-05T12:13:14Z",
        "object_repr": "Hu Fuuuu",
        "object_id": "15",
        "change_message": "",
        "user": 1,
        "content_type": 7
    },
    "model": "admin.logentry",
    "pk": 84
},
{
    "fields": {
        "action_flag": 3,
        "action_time": "2015-01-05T12:13:14Z",
        "object_repr": "Hu Huu",
        "object_id": "14",
        "change_message": "",
        "user": 1,
        "content_type": 7
    },
    "model": "admin.logentry",
    "pk": 85
},
{
    "fields": {
        "action_flag": 3,
        "action_time": "2015-01-05T12:13:14Z",
        "object_repr": "Fu Fuuuu",
        "object_id": "13",
        "change_message": "",
        "user": 1,
        "content_type": 7
    },
    "model": "admin.logentry",
    "pk": 86
},
{
    "fields": {
        "action_flag": 3,
        "action_time": "2015-01-05T12:13:14Z",
        "object_repr": "\u0421\u0442\u0443\u0434\u0435\u043d\u0442 \u0429\u0435",
        "object_id": "12",
        "change_message": "",
        "user": 1,
        "content_type": 7
    },
    "model": "admin.logentry",
    "pk": 87
},
{
    "fields": {
        "action_flag": 3,
        "action_time": "2015-01-09T19:27:14Z",
        "object_repr": " \u0422\u044f\u043f\u043a\u0438\u043d",
        "object_id": "17",
        "change_message": "",
        "user": 1,
        "content_type": 7
    },
    "model": "admin.logentry",
    "pk": 88
},
{
    "fields": {
        "action_flag": 3,
        "action_time": "2015-01-10T15:34:04Z",
        "object_repr": "Broken Imager",
        "object_id": "19",
        "change_message": "",
        "user": 1,
        "content_type": 7
    },
    "model": "admin.logentry",
    "pk": 89
},
{
    "fields": {
        "action_flag": 3,
        "action_time": "2015-01-10T15:34:16Z",
        "object_repr": "\u0412\u0456\u043a\u0442\u043e\u0440 \u0420\u0443\u0431\u0456\u043a\u043e\u043d\u043e\u0432",
        "object_id": "18",
        "change_message": "",
        "user": 1,
        "content_type": 7
    },
    "model": "admin.logentry",
    "pk": 90
},
{
    "fields": {
        "action_flag": 3,
        "action_time": "2015-01-10T15:34:16Z",
        "object_repr": "\u0410\u043b\u0435\u043a\u0441\u0435\u0439 \u0417\u0438\u043d\u043e\u0432\u044c\u0435\u0432",
        "object_id": "16",
        "change_message": "",
        "user": 1,
        "content_type": 7
    },
    "model": "admin.logentry",
    "pk": 91
},
{
    "fields": {
        "action_flag": 3,
        "action_time": "2015-01-10T19:56:24Z",
        "object_repr": "Broken Fuuuu",
        "object_id": "22",
        "change_message": "",
        "user": 1,
        "content_type": 7
    },
    "model": "admin.logentry",
    "pk": 92
},
{
    "fields": {
        "action_flag": 3,
        "action_time": "2015-01-10T19:56:24Z",
        "object_repr": "\u0414\u0436\u043e\u043d \u041a\u043e\u043d\u043d\u043e\u0440",
        "object_id": "21",
        "change_message": "",
        "user": 1,
        "content_type": 7
    },
    "model": "admin.logentry",
    "pk": 93
},
{
    "fields": {
        "action_flag": 1,
        "action_time": "2015-02-04T14:54:23Z",
        "object_repr": "866 (\u041b\u0435\u043e\u043d\u0430\u0440\u0434 \u0425\u043e\u0444\u0441\u0442\u0435\u0434\u0435\u0440)",
        "object_id": "7",
        "change_message": "",
        "user": 1,
        "content_type": 8
    },
    "model": "admin.logentry",
    "pk": 94
},
{
    "fields": {
        "action_flag": 3,
        "action_time": "2015-02-10T18:55:11Z",
        "object_repr": "Exam #4 - \u0414\u0436\u043e\u043d \u0421\u043c\u0456\u0442",
        "object_id": "24",
        "change_message": "",
        "user": 1,
        "content_type": 10
    },
    "model": "admin.logentry",
    "pk": 95
},
{
    "fields": {
        "action_flag": 3,
        "action_time": "2015-02-10T18:55:11Z",
        "object_repr": "Exam #3 :)(: - \u041b\u0435\u043e\u043d\u0430\u0440\u0434 \u0425\u043e\u0444\u0441\u0442\u0435\u0434\u0435\u0440",
        "object_id": "23",
        "change_message": "",
        "user": 1,
        "content_type": 10
    },
    "model": "admin.logentry",
    "pk": 96
},
{
    "fields": {
        "action_flag": 3,
        "action_time": "2015-02-10T18:55:11Z",
        "object_repr": "Exam #3 :)(: - \u0428\u0435\u043b\u0434\u043e\u043d \u041a\u0443\u043f\u0435\u0440",
        "object_id": "22",
        "change_message": "",
        "user": 1,
        "content_type": 10
    },
    "model": "admin.logentry",
    "pk": 97
},
{
    "fields": {
        "action_flag": 3,
        "action_time": "2015-02-10T18:55:22Z",
        "object_repr": "Exam #4 (\u0426\u0438\u0432\u0456\u043b\u044c\u0441\u043a\u0438\u0439 \u0424. \u041c.)",
        "object_id": "22",
        "change_message": "",
        "user": 1,
        "content_type": 9
    },
    "model": "admin.logentry",
    "pk": 98
},
{
    "fields": {
        "action_flag": 3,
        "action_time": "2015-02-10T18:55:22Z",
        "object_repr": "Exam #3 :)(: (Test T.)",
        "object_id": "21",
        "change_message": "",
        "user": 1,
        "content_type": 9
    },
    "model": "admin.logentry",
    "pk": 99
},
{
    "fields": {
        "action_flag": 2,
        "action_time": "2015-02-11T17:21:55Z",
        "object_repr": "SMP-S23E01 (\u041b\u0435\u043e\u043d\u0430\u0440\u0434 \u0425\u043e\u0444\u0441\u0442\u0435\u0434\u0435\u0440)",
        "object_id": "4",
        "change_message": "\u0417\u043c\u0456\u043d\u0435\u043d\u043e leader.",
        "user": 1,
        "content_type": 8
    },
    "model": "admin.logentry",
    "pk": 100
},
{
    "fields": {
        "action_flag": 2,
        "action_time": "2015-02-11T17:22:16Z",
        "object_repr": "SMP-S23E01",
        "object_id": "4",
        "change_message": "\u0417\u043c\u0456\u043d\u0435\u043d\u043e leader.",
        "user": 1,
        "content_type": 8
    },
    "model": "admin.logentry",
    "pk": 101
},
{
    "fields": {
        "action_flag": 2,
        "action_time": "2015-02-11T17:24:12Z",
        "object_repr": "\u0410\u043b\u0435\u043a\u0441\u0430\u043d\u0434\u0440 \u0422\u044f\u043f\u043a\u0438\u043d",
        "object_id": "2",
        "change_message": "\u0417\u043c\u0456\u043d\u0435\u043d\u043e student_group.",
        "user": 1,
        "content_type": 7
    },
    "model": "admin.logentry",
    "pk": 102
},
{
    "fields": {
        "action_flag": 2,
        "action_time": "2015-02-11T17:24:29Z",
        "object_repr": "\u0410\u043b\u0435\u043a\u0441\u0430\u043d\u0434\u0440 \u0422\u044f\u043f\u043a\u0438\u043d",
        "object_id": "2",
        "change_message": "\u0417\u043c\u0456\u043d\u0435\u043d\u043e student_group.",
        "user": 1,
        "content_type": 7
    },
    "model": "admin.logentry",
    "pk": 103
},
{
    "fields": {
        "action_flag": 2,
        "action_time": "2015-02-11T17:34:34Z",
        "object_repr": "SMP-S23E01 (\u0414\u0436\u043e\u043d \u0421\u043c\u0456\u0442)",
        "object_id": "4",
        "change_message": "\u0417\u043c\u0456\u043d\u0435\u043d\u043e leader.",
        "user": 1,
        "content_type": 8
    },
    "model": "admin.logentry",
    "pk": 104
},
{
    "fields": {
        "action_flag": 2,
        "action_time": "2015-02-11T17:35:09Z",
        "object_repr": "\u0410\u043b\u0435\u043a\u0441\u0430\u043d\u0434\u0440 \u0422\u044f\u043f\u043a\u0438\u043d",
        "object_id": "2",
        "change_message": "\u0417\u043c\u0456\u043d\u0435\u043d\u043e student_group.",
        "user": 1,
        "content_type": 7
    },
    "model": "admin.logentry",
    "pk": 105
},
{
    "fields": {
        "action_flag": 2,
        "action_time": "2015-02-11T17:35:22Z",
        "object_repr": "\u0410\u043b\u0435\u043a\u0441\u0430\u043d\u0434\u0440 \u0422\u044f\u043f\u043a\u0438\u043d",
        "object_id": "2",
        "change_message": "\u0417\u043c\u0456\u043d\u0435\u043d\u043e student_group.",
        "user": 1,
        "content_type": 7
    },
    "model": "admin.logentry",
    "pk": 106
},
{
    "fields": {
        "action_flag": 2,
        "action_time": "2015-02-11T17:40:12Z",
        "object_repr": "SMP-S23E01",
        "object_id": "4",
        "change_message": "\u0417\u043c\u0456\u043d\u0435\u043d\u043e leader.",
        "user": 1,
        "content_type": 8
    },
    "model": "admin.logentry",
    "pk": 107
},
{
    "fields": {
        "action_flag": 2,
        "action_time": "2015-02-11T18:24:38Z",
        "object_repr": "5\u0437\u041a\u0421\u0421 (Amy Wong)",
        "object_id": "6",
        "change_message": "\u0417\u043c\u0456\u043d\u0435\u043d\u043e leader.",
        "user": 1,
        "content_type": 8
    },
    "model": "admin.logentry",
    "pk": 108
},
{
    "fields": {
        "action_flag": 2,
        "action_time": "2015-02-11T18:47:40Z",
        "object_repr": "5\u0437\u041a\u0421\u0421 (\u0410\u043b\u0435\u043a\u0441\u0430\u043d\u0434\u0440 \u0422\u044f\u043f\u043a\u0438\u043d)",
        "object_id": "6",
        "change_message": "\u0417\u043c\u0456\u043d\u0435\u043d\u043e leader.",
        "user": 1,
        "content_type": 8
    },
    "model": "admin.logentry",
    "pk": 109
},
{
    "fields": {
        "action_flag": 2,
        "action_time": "2015-02-11T18:48:12Z",
        "object_repr": "5\u0437\u041a\u0421\u0421 (\u0410\u043b\u0435\u043a\u0441\u0430\u043d\u0434\u0440 \u0422\u044f\u043f\u043a\u0438\u043d)",
        "object_id": "6",
        "change_message": "\u041f\u043e\u043b\u044f \u043d\u0435 \u0437\u043c\u0456\u043d\u0435\u043d\u0456.",
        "user": 1,
        "content_type": 8
    },
    "model": "admin.logentry",
    "pk": 110
},
{
    "fields": {
        "action_flag": 2,
        "action_time": "2015-02-11T18:49:31Z",
        "object_repr": "\u0410\u043b\u0435\u043a\u0441\u0430\u043d\u0434\u0440 \u0422\u044f\u043f\u043a\u0438\u043d",
        "object_id": "2",
        "change_message": "\u041f\u043e\u043b\u044f \u043d\u0435 \u0437\u043c\u0456\u043d\u0435\u043d\u0456.",
        "user": 1,
        "content_type": 7
    },
    "model": "admin.logentry",
    "pk": 111
},
{
    "fields": {
        "action_flag": 2,
        "action_time": "2015-02-11T19:00:20Z",
        "object_repr": "SMP-S23E01 (Amy Wong)",
        "object_id": "4",
        "change_message": "\u0417\u043c\u0456\u043d\u0435\u043d\u043e leader.",
        "user": 1,
        "content_type": 8
    },
    "model": "admin.logentry",
    "pk": 112
},
{
    "fields": {
        "action_flag": 2,
        "action_time": "2015-02-11T19:01:27Z",
        "object_repr": "SMP-S23E01 (Amy Wong)",
        "object_id": "4",
        "change_message": "\u0417\u043c\u0456\u043d\u0435\u043d\u043e leader.",
        "user": 1,
        "content_type": 8
    },
    "model": "admin.logentry",
    "pk": 113
},
{
    "fields": {
        "action_flag": 2,
        "action_time": "2015-02-11T19:08:07Z",
        "object_repr": "SMP-S23E01 (Amy Wong)",
        "object_id": "4",
        "change_message": "\u0417\u043c\u0456\u043d\u0435\u043d\u043e leader.",
        "user": 1,
        "content_type": 8
    },
    "model": "admin.logentry",
    "pk": 114
},
{
    "fields": {
        "action_flag": 2,
        "action_time": "2015-02-11T19:09:39Z",
        "object_repr": "SMP-S23E01 (Amy Wong)",
        "object_id": "4",
        "change_message": "\u041f\u043e\u043b\u044f \u043d\u0435 \u0437\u043c\u0456\u043d\u0435\u043d\u0456.",
        "user": 1,
        "content_type": 8
    },
    "model": "admin.logentry",
    "pk": 115
},
{
    "fields": {
        "action_flag": 2,
        "action_time": "2015-02-11T19:10:02Z",
        "object_repr": "SMP-S23E01 (Amy Wong)",
        "object_id": "4",
        "change_message": "\u0417\u043c\u0456\u043d\u0435\u043d\u043e leader.",
        "user": 1,
        "content_type": 8
    },
    "model": "admin.logentry",
    "pk": 116
},
{
    "fields": {
        "action_flag": 2,
        "action_time": "2015-02-11T19:10:13Z",
        "object_repr": "FTR-S01E01 (\u041b\u0435\u043e\u043d\u0430\u0440\u0434 \u0425\u043e\u0444\u0441\u0442\u0435\u0434\u0435\u0440)",
        "object_id": "1",
        "change_message": "\u0417\u043c\u0456\u043d\u0435\u043d\u043e leader.",
        "user": 1,
        "content_type": 8
    },
    "model": "admin.logentry",
    "pk": 117
},
{
    "fields": {
        "action_flag": 2,
        "action_time": "2015-02-11T20:34:39Z",
        "object_repr": "FTR-S01E01 (\u0425\u044c\u044e\u0431\u0435\u0440\u0442 \u0424\u0430\u0440\u043d\u0441\u0432\u043e\u0440\u0442)",
        "object_id": "1",
        "change_message": "\u0417\u043c\u0456\u043d\u0435\u043d\u043e leader.",
        "user": 1,
        "content_type": 8
    },
    "model": "admin.logentry",
    "pk": 118
},
{
    "fields": {
        "action_flag": 2,
        "action_time": "2015-02-11T20:35:33Z",
        "object_repr": "BBT-S08E01 (\u0428\u0435\u043b\u0434\u043e\u043d \u041a\u0443\u043f\u0435\u0440)",
        "object_id": "5",
        "change_message": "\u041f\u043e\u043b\u044f \u043d\u0435 \u0437\u043c\u0456\u043d\u0435\u043d\u0456.",
        "user": 1,
        "content_type": 8
    },
    "model": "admin.logentry",
    "pk": 119
},
{
    "fields": {
        "action_flag": 2,
        "action_time": "2015-02-11T20:37:21Z",
        "object_repr": "FTR-S01E01 (\u0421\u0435\u0440\u0433\u0435\u0439 \u0420\u0443\u0434\u0435\u043d\u043a\u043e)",
        "object_id": "1",
        "change_message": "\u0417\u043c\u0456\u043d\u0435\u043d\u043e leader.",
        "user": 1,
        "content_type": 8
    },
    "model": "admin.logentry",
    "pk": 120
},
{
    "fields": {
        "action_flag": 2,
        "action_time": "2015-02-11T20:38:44Z",
        "object_repr": "FTR-S01E01",
        "object_id": "1",
        "change_message": "\u0417\u043c\u0456\u043d\u0435\u043d\u043e leader.",
        "user": 1,
        "content_type": 8
    },
    "model": "admin.logentry",
    "pk": 121
},
{
    "fields": {
        "action_flag": 2,
        "action_time": "2015-02-11T20:39:32Z",
        "object_repr": "FTR-S01E01 (\u0425\u044c\u044e\u0431\u0435\u0440\u0442 \u0424\u0430\u0440\u043d\u0441\u0432\u043e\u0440\u0442)",
        "object_id": "1",
        "change_message": "\u0417\u043c\u0456\u043d\u0435\u043d\u043e leader.",
        "user": 1,
        "content_type": 8
    },
    "model": "admin.logentry",
    "pk": 122
},
{
    "fields": {
        "action_flag": 2,
        "action_time": "2015-02-12T09:24:10Z",
        "object_repr": "SMP-S23E01 (\u0421\u0435\u0440\u0433\u0435\u0439 \u0420\u0443\u0434\u0435\u043d\u043a\u043e)",
        "object_id": "4",
        "change_message": "\u0417\u043c\u0456\u043d\u0435\u043d\u043e leader.",
        "user": 1,
        "content_type": 8
    },
    "model": "admin.logentry",
    "pk": 123
},
{
    "fields": {
        "action_flag": 2,
        "action_time": "2015-02-12T09:24:32Z",
        "object_repr": "SMP-S23E01 (\u0421\u0435\u0440\u0433\u0435\u0439 \u0420\u0443\u0434\u0435\u043d\u043a\u043e)",
        "object_id": "4",
        "change_message": "\u041f\u043e\u043b\u044f \u043d\u0435 \u0437\u043c\u0456\u043d\u0435\u043d\u0456.",
        "user": 1,
        "content_type": 8
    },
    "model": "admin.logentry",
    "pk": 124
},
{
    "fields": {
        "action_flag": 2,
        "action_time": "2015-02-12T09:26:17Z",
        "object_repr": "SMP-S23E01 (Bender Rodriquez)",
        "object_id": "4",
        "change_message": "\u0417\u043c\u0456\u043d\u0435\u043d\u043e leader.",
        "user": 1,
        "content_type": 8
    },
    "model": "admin.logentry",
    "pk": 125
},
{
    "fields": {
        "action_flag": 2,
        "action_time": "2015-02-12T09:42:04Z",
        "object_repr": "SMP-S23E01",
        "object_id": "4",
        "change_message": "\u0417\u043c\u0456\u043d\u0435\u043d\u043e leader.",
        "user": 1,
        "content_type": 8
    },
    "model": "admin.logentry",
    "pk": 126
},
{
    "fields": {
        "action_flag": 2,
        "action_time": "2015-02-12T09:45:09Z",
        "object_repr": "SMP-S23E01 (\u0414\u0436\u043e\u043d \u0421\u043c\u0456\u0442)",
        "object_id": "4",
        "change_message": "\u0417\u043c\u0456\u043d\u0435\u043d\u043e leader.",
        "user": 1,
        "content_type": 8
    },
    "model": "admin.logentry",
    "pk": 127
},
{
    "fields": {
        "action_flag": 2,
        "action_time": "2015-02-12T09:45:23Z",
        "object_repr": "SMP-S23E01",
        "object_id": "4",
        "change_message": "\u0417\u043c\u0456\u043d\u0435\u043d\u043e leader.",
        "user": 1,
        "content_type": 8
    },
    "model": "admin.logentry",
    "pk": 128
},
{
    "fields": {
        "action_flag": 2,
        "action_time": "2015-02-12T09:46:12Z",
        "object_repr": "SMP-S23E01 (\u0414\u0436\u043e\u043d \u0421\u043c\u0456\u0442)",
        "object_id": "4",
        "change_message": "\u0417\u043c\u0456\u043d\u0435\u043d\u043e leader.",
        "user": 1,
        "content_type": 8
    },
    "model": "admin.logentry",
    "pk": 129
},
{
    "fields": {
        "action_flag": 2,
        "action_time": "2015-02-12T09:46:25Z",
        "object_repr": "SMP-S23E01 (Amy Wong)",
        "object_id": "4",
        "change_message": "\u0417\u043c\u0456\u043d\u0435\u043d\u043e leader.",
        "user": 1,
        "content_type": 8
    },
    "model": "admin.logentry",
    "pk": 130
},
{
    "fields": {
        "action_flag": 2,
        "action_time": "2015-02-12T09:47:11Z",
        "object_repr": "SMP-S23E01 (Bender Rodriquez)",
        "object_id": "4",
        "change_message": "\u0417\u043c\u0456\u043d\u0435\u043d\u043e leader.",
        "user": 1,
        "content_type": 8
    },
    "model": "admin.logentry",
    "pk": 131
},
{
    "fields": {
        "action_flag": 2,
        "action_time": "2015-02-12T09:56:31Z",
        "object_repr": "SMP-S23E01 (\u0414\u0436\u043e\u043d \u0421\u043c\u0456\u0442)",
        "object_id": "4",
        "change_message": "\u0417\u043c\u0456\u043d\u0435\u043d\u043e leader.",
        "user": 1,
        "content_type": 8
    },
    "model": "admin.logentry",
    "pk": 132
},
{
    "fields": {
        "action_flag": 2,
        "action_time": "2015-02-12T09:56:47Z",
        "object_repr": "SMP-S23E01 (\u0414\u0436\u043e\u043d \u0417\u043e\u0439\u0434\u0431\u0435\u0440\u0433)",
        "object_id": "4",
        "change_message": "\u0417\u043c\u0456\u043d\u0435\u043d\u043e leader.",
        "user": 1,
        "content_type": 8
    },
    "model": "admin.logentry",
    "pk": 133
},
{
    "fields": {
        "action_flag": 2,
        "action_time": "2015-02-12T10:08:21Z",
        "object_repr": "SMP-S23E01 (\u0414\u0436\u043e\u043d \u0421\u043c\u0456\u0442)",
        "object_id": "4",
        "change_message": "\u0417\u043c\u0456\u043d\u0435\u043d\u043e leader.",
        "user": 1,
        "content_type": 8
    },
    "model": "admin.logentry",
    "pk": 134
},
{
    "fields": {
        "action_flag": 2,
        "action_time": "2015-02-12T10:10:05Z",
        "object_repr": "SMP-S23E01 (\u0414\u0436\u043e\u043d \u0421\u043c\u0456\u0442)",
        "object_id": "4",
        "change_message": "\u041f\u043e\u043b\u044f \u043d\u0435 \u0437\u043c\u0456\u043d\u0435\u043d\u0456.",
        "user": 1,
        "content_type": 8
    },
    "model": "admin.logentry",
    "pk": 135
},
{
    "fields": {
        "action_flag": 2,
        "action_time": "2015-02-12T10:13:09Z",
        "object_repr": "SMP-S23E01 (\u0414\u0436\u043e\u043d \u0421\u043c\u0456\u0442)",
        "object_id": "4",
        "change_message": "\u041f\u043e\u043b\u044f \u043d\u0435 \u0437\u043c\u0456\u043d\u0435\u043d\u0456.",
        "user": 1,
        "content_type": 8
    },
    "model": "admin.logentry",
    "pk": 136
},
{
    "fields": {
        "action_flag": 2,
        "action_time": "2015-02-12T10:13:16Z",
        "object_repr": "SMP-S23E01",
        "object_id": "4",
        "change_message": "\u0417\u043c\u0456\u043d\u0435\u043d\u043e leader.",
        "user": 1,
        "content_type": 8
    },
    "model": "admin.logentry",
    "pk": 137
},
{
    "fields": {
        "action_flag": 2,
        "action_time": "2015-02-12T10:19:38Z",
        "object_repr": "\u0414\u0436\u043e\u043d \u0421\u043c\u0456\u0442",
        "object_id": "22",
        "change_message": "\u0417\u043c\u0456\u043d\u0435\u043d\u043e student_group.",
        "user": 1,
        "content_type": 7
    },
    "model": "admin.logentry",
    "pk": 138
},
{
    "fields": {
        "action_flag": 2,
        "action_time": "2015-02-12T10:20:37Z",
        "object_repr": "SMP-S23E01",
        "object_id": "4",
        "change_message": "\u041f\u043e\u043b\u044f \u043d\u0435 \u0437\u043c\u0456\u043d\u0435\u043d\u0456.",
        "user": 1,
        "content_type": 8
    },
    "model": "admin.logentry",
    "pk": 139
},
{
    "fields": {
        "action_flag": 2,
        "action_time": "2015-02-12T10:20:55Z",
        "object_repr": "\u0414\u0436\u043e\u043d \u0421\u043c\u0456\u0442",
        "object_id": "22",
        "change_message": "\u0417\u043c\u0456\u043d\u0435\u043d\u043e student_group.",
        "user": 1,
        "content_type": 7
    },
    "model": "admin.logentry",
    "pk": 140
},
{
    "fields": {
        "action_flag": 2,
        "action_time": "2015-02-12T10:21:50Z",
        "object_repr": "SMP-S23E01 (\u0414\u0436\u043e\u043d \u0421\u043c\u0456\u0442)",
        "object_id": "4",
        "change_message": "\u0417\u043c\u0456\u043d\u0435\u043d\u043e leader.",
        "user": 1,
        "content_type": 8
    },
    "model": "admin.logentry",
    "pk": 141
},
{
    "fields": {
        "action_flag": 2,
        "action_time": "2015-02-12T10:22:20Z",
        "object_repr": "\u0414\u0436\u043e\u043d \u0421\u043c\u0456\u0442",
        "object_id": "22",
        "change_message": "\u041f\u043e\u043b\u044f \u043d\u0435 \u0437\u043c\u0456\u043d\u0435\u043d\u0456.",
        "user": 1,
        "content_type": 7
    },
    "model": "admin.logentry",
    "pk": 142
},
{
    "fields": {
        "action_flag": 2,
        "action_time": "2015-02-12T10:27:11Z",
        "object_repr": "SMP-S23E01",
        "object_id": "4",
        "change_message": "\u0417\u043c\u0456\u043d\u0435\u043d\u043e leader.",
        "user": 1,
        "content_type": 8
    },
    "model": "admin.logentry",
    "pk": 143
},
{
    "fields": {
        "action_flag": 2,
        "action_time": "2015-02-12T10:46:59Z",
        "object_repr": "\u0414\u0436\u043e\u043d \u0421\u043c\u0456\u0442",
        "object_id": "22",
        "change_message": "\u041f\u043e\u043b\u044f \u043d\u0435 \u0437\u043c\u0456\u043d\u0435\u043d\u0456.",
        "user": 1,
        "content_type": 7
    },
    "model": "admin.logentry",
    "pk": 144
},
{
    "fields": {
        "action_flag": 2,
        "action_time": "2015-02-12T10:47:33Z",
        "object_repr": "SMP-S23E01",
        "object_id": "4",
        "change_message": "\u041f\u043e\u043b\u044f \u043d\u0435 \u0437\u043c\u0456\u043d\u0435\u043d\u0456.",
        "user": 1,
        "content_type": 8
    },
    "model": "admin.logentry",
    "pk": 145
},
{
    "fields": {
        "action_flag": 2,
        "action_time": "2015-02-12T10:47:57Z",
        "object_repr": "\u0414\u0436\u043e\u043d \u0421\u043c\u0456\u0442",
        "object_id": "22",
        "change_message": "\u041f\u043e\u043b\u044f \u043d\u0435 \u0437\u043c\u0456\u043d\u0435\u043d\u0456.",
        "user": 1,
        "content_type": 7
    },
    "model": "admin.logentry",
    "pk": 146
},
{
    "fields": {
        "action_flag": 2,
        "action_time": "2015-02-12T10:48:08Z",
        "object_repr": "SMP-S23E01 (\u0414\u0436\u043e\u043d \u0421\u043c\u0456\u0442)",
        "object_id": "4",
        "change_message": "\u0417\u043c\u0456\u043d\u0435\u043d\u043e leader.",
        "user": 1,
        "content_type": 8
    },
    "model": "admin.logentry",
    "pk": 147
},
{
    "fields": {
        "action_flag": 2,
        "action_time": "2015-02-12T10:48:46Z",
        "object_repr": "\u0414\u0436\u043e\u043d \u0421\u043c\u0456\u0442",
        "object_id": "22",
        "change_message": "\u0417\u043c\u0456\u043d\u0435\u043d\u043e student_group.",
        "user": 1,
        "content_type": 7
    },
    "model": "admin.logentry",
    "pk": 148
},
{
    "fields": {
        "action_flag": 2,
        "action_time": "2015-02-12T10:52:54Z",
        "object_repr": "SMP-S23E01",
        "object_id": "4",
        "change_message": "\u0417\u043c\u0456\u043d\u0435\u043d\u043e leader.",
        "user": 1,
        "content_type": 8
    },
    "model": "admin.logentry",
    "pk": 149
}
]
